{
 "deepctr": {
    "auc": { "decay_rate": 0.999
            },
    "model_type": "deepctr",
    "modelx": {"model_hyperparameter": {
      "regularizer_weight_l2": 0.00001,
      "regularizer_weight_l1": 0.0001,
      "dropout_rate": 0.25,
      "need_dropout": false,
      "weight_decay": 0,
      "batch_norm": true,
      "main_hidden_dims": [512,256,64],
      "bias_hidden_dims": [128, 32],
      "output_hidden_dims": [32, 16],
      "gate_hidden_units": [128, 32],
      "neg_prf_gate_hidden_dims": [128,64,32],
      "ctr_expert_main_hidden_dims": [512,128,64],
      "ctr_expert_bias_hidden_dims": [128, 32],
      "positive_net_hidden_dims": [64,32],
      "negative_net_hidden_dims": [64,32],
      "neg_prf_bias_hidden_dim": [64,32],
      "neg_prf_hidden_dim": [128,32],
      "neg_prf_output_hidden_dim": [16,1],
      "fft_layer_hidden_dims": [128,32,16],
      "faituage_net_hidden_dims": [64,32],
      "faituage_gate_net_hidden_dims": [32,16,8],
      "loss_parts_weight":
      {
        "ctr": 1.0,
        "reg": 0.1,
        "fatigue_weight_start":0.01,
        "fatigue_weight_end": 0.5,
        "fatigue_weight_max_step": 1e6
      },
      "atten_param": {
        "atten_mode": "ln",
        "residual_connection": true,
        "attention_normalize": true,
        "attention_l2_reg": 1e-5,
        "sa_num_units": 128,
        "sa_num_output_units": 128,
        "ma_num_units": 128,
        "ma_num_output_units": 128,
        "num_heads": 4,
        "seq_type": "concat"
        }
    }
              },
    "optimizer": {
      "select_opt": "Adagrad",
    "Adagrad": {
      "scope": "Global",
      "lr_func": "cold_start",
      "learning_rate": 0.01,
      "initial_accumulator_value": 0.1,
      "use_locking": "False",
      "lrcs_init_lr": 0.001,
      "lrcs_init_step": 200000,
      "decay_step": 100000,
      "decay_rate": 0.94,
      "clip_gradients": 5.0,
      "staircase": true
    }
  }
  }
}
